"曲目Key","中文名","英文名（Wiki）","主要地区","音乐细分目录","个人评价（填写）","出处原文（Wiki）","专辑（网易）","分碟","碟内曲序","艺人（网易）","作曲","时长（秒）","发行日期（北京时间）","网易数字ID","网易加密ID","挂载方式","Wiki出处来源","网易歌曲来源","元数据备注"
"netease:1481392130","宁静的黄昏","Twilight Serenity (Genshin Impact Main Theme Var.)","位置未定（按蒙德篇专辑归档）","蒙德 / 蒙德 / 游戏加载界面","","游戏加载界面
-清晨傍晚
《原神》EP - 和煦希望之风","原神-风与牧歌之城 City of Winds and Idylls","Disc 01 风与牧歌之城 City of Winds and Idylls","1","陈致逸 / HOYO-MiX","陈致逸","101.554","2020-09-28","1481392130","678A06CA91238C8157C67C77224F1488","地区神像归档（非实际播放点）","https://wiki.biligame.com/ys/%E9%A3%8E%E4%B8%8E%E7%89%A7%E6%AD%8C%E4%B9%8B%E5%9F%8E","https://music.163.com/song?id=1481392130","出处仅供参考，部分内容待完善，请求帮助，谢谢！；艺人来自网易元数据；作曲由Wiki制作团队及网易专辑介绍明确支持。"
"netease:1481390529","风的传说","Legend of the Wind","位置未定（按蒙德篇专辑归档）","蒙德 / 蒙德 / 安柏传说任务故事书","","安柏传说任务故事书
风、勇气和翅膀
《原神》EP - 轻风诉说之事","原神-风与牧歌之城 City of Winds and Idylls","Disc 01 风与牧歌之城 City of Winds and Idylls","2","陈致逸 / HOYO-MiX","陈致逸","86.843","2020-09-28","1481390529","2E059A5345A80C489C673925F8657E05","地区神像归档（非实际播放点）","https://wiki.biligame.com/ys/%E9%A3%8E%E4%B8%8E%E7%89%A7%E6%AD%8C%E4%B9%8B%E5%9F%8E","https://music.163.com/song?id=1481390529","出处仅供参考，部分内容待完善，请求帮助，谢谢！；艺人来自网易元数据；作曲由Wiki制作团队及网易专辑介绍明确支持。"
"netease:1481392245","风所爱之城","The City Favored By Wind","蒙德","蒙德 / 蒙德 / 蒙德城","","蒙德城-白天","原神-风与牧歌之城 City of Winds and Idylls","Disc 01 风与牧歌之城 City of Winds and Idylls","3","陈致逸 / HOYO-MiX","陈致逸","63.25","2020-09-28","1481392245","E48E5605078E6DF96EB48D35B9741E43","地点匹配","https://wiki.biligame.com/ys/%E9%A3%8E%E4%B8%8E%E7%89%A7%E6%AD%8C%E4%B9%8B%E5%9F%8E","https://music.163.com/song?id=1481392245","出处仅供参考，部分内容待完善，请求帮助，谢谢！；艺人来自网易元数据；作曲由Wiki制作团队及网易专辑介绍明确支持。"
"netease:1481392262","蒙德城繁忙的午后","Bustling Afternoon of Mondstadt","蒙德","蒙德 / 蒙德 / 蒙德城","","蒙德城-白天","原神-风与牧歌之城 City of Winds and Idylls","Disc 01 风与牧歌之城 City of Winds and Idylls","4","陈致逸 / HOYO-MiX","陈致逸","108.274","2020-09-28","1481392262","8BB2C519AAB381A5497ABE20748C95C2","地点匹配","https://wiki.biligame.com/ys/%E9%A3%8E%E4%B8%8E%E7%89%A7%E6%AD%8C%E4%B9%8B%E5%9F%8E","https://music.163.com/song?id=1481392262","出处仅供参考，部分内容待完善，请求帮助，谢谢！；艺人来自网易元数据；作曲由Wiki制作团队及网易专辑介绍明确支持。"
"netease:1481392257","蒙德的黄昏","Dusk in Mondstadt","蒙德","蒙德 / 蒙德 / 蒙德城","","蒙德城-傍晚
旅行历程界面蒙德地区音乐","原神-风与牧歌之城 City of Winds and Idylls","Disc 01 风与牧歌之城 City of Winds and Idylls","5","陈致逸 / HOYO-MiX","陈致逸","108.77","2020-09-28","1481392257","EECF2D6BA74F7858CE7CFCDE0950D01A","地点匹配","https://wiki.biligame.com/ys/%E9%A3%8E%E4%B8%8E%E7%89%A7%E6%AD%8C%E4%B9%8B%E5%9F%8E","https://music.163.com/song?id=1481392257","出处仅供参考，部分内容待完善，请求帮助，谢谢！；艺人来自网易元数据；作曲由Wiki制作团队及网易专辑介绍明确支持。"
"netease:1481390520","星光下的蒙德","Mondstadt Starlit","蒙德","蒙德 / 蒙德 / 蒙德城","","蒙德城-夜间","原神-风与牧歌之城 City of Winds and Idylls","Disc 01 风与牧歌之城 City of Winds and Idylls","6","陈致逸 / HOYO-MiX","陈致逸","60.71","2020-09-28","1481390520","9AED4A8FACD3933D62B85AA3A3342B91","地点匹配","https://wiki.biligame.com/ys/%E9%A3%8E%E4%B8%8E%E7%89%A7%E6%AD%8C%E4%B9%8B%E5%9F%8E","https://music.163.com/song?id=1481390520","出处仅供参考，部分内容待完善，请求帮助，谢谢！；艺人来自网易元数据；作曲由Wiki制作团队及网易专辑介绍明确支持。"
"netease:1481392244","蒙德的月光","Moonlight in Mondstadt","蒙德","蒙德 / 蒙德 / 蒙德城","","蒙德城-夜间","原神-风与牧歌之城 City of Winds and Idylls","Disc 01 风与牧歌之城 City of Winds and Idylls","7","陈致逸 / HOYO-MiX","陈致逸","49.339","2020-09-28","1481392244","42EB7F3112F567919C6159A4EF0D5638","地点匹配","https://wiki.biligame.com/ys/%E9%A3%8E%E4%B8%8E%E7%89%A7%E6%AD%8C%E4%B9%8B%E5%9F%8E","https://music.163.com/song?id=1481392244","出处仅供参考，部分内容待完善，请求帮助，谢谢！；艺人来自网易元数据；作曲由Wiki制作团队及网易专辑介绍明确支持。"
"netease:1481390511","蒙德的又一日","Another Day in Mondstadt","蒙德","蒙德 / 蒙德 / 蒙德城","","蒙德城-清晨","原神-风与牧歌之城 City of Winds and Idylls","Disc 01 风与牧歌之城 City of Winds and Idylls","8","陈致逸 / HOYO-MiX","陈致逸","52.686","2020-09-28","1481390511","34205064E836F8AFBCFAE5675846FC66","地点匹配","https://wiki.biligame.com/ys/%E9%A3%8E%E4%B8%8E%E7%89%A7%E6%AD%8C%E4%B9%8B%E5%9F%8E","https://music.163.com/song?id=1481390511","出处仅供参考，部分内容待完善，请求帮助，谢谢！；艺人来自网易元数据；作曲由Wiki制作团队及网易专辑介绍明确支持。"
"netease:1481390533","风带来的圣歌","Windborne Hymn","蒙德","蒙德 / 蒙德 / 西风大教堂","","西风大教堂-室内
《原神》EP - 轻风诉说之事","原神-风与牧歌之城 City of Winds and Idylls","Disc 01 风与牧歌之城 City of Winds and Idylls","9","陈致逸 / HOYO-MiX","陈致逸","108.007","2020-09-28","1481390533","F682B71064D19D0F3F77DDED2A76DD86","父级地点匹配","https://wiki.biligame.com/ys/%E9%A3%8E%E4%B8%8E%E7%89%A7%E6%AD%8C%E4%B9%8B%E5%9F%8E","https://music.163.com/song?id=1481390533","出处仅供参考，部分内容待完善，请求帮助，谢谢！；艺人来自网易元数据；作曲由Wiki制作团队及网易专辑介绍明确支持。"
"netease:1481392255","西风骑士团","Knights of Favonius","蒙德","蒙德 / 蒙德 / 西风骑士团","","西风骑士团-室内","原神-风与牧歌之城 City of Winds and Idylls","Disc 01 风与牧歌之城 City of Winds and Idylls","10","陈致逸 / HOYO-MiX","陈致逸","75.411","2020-09-28","1481392255","3CF50EF51261A38E2CD91402D1769F0B","父级地点匹配","https://wiki.biligame.com/ys/%E9%A3%8E%E4%B8%8E%E7%89%A7%E6%AD%8C%E4%B9%8B%E5%9F%8E","https://music.163.com/song?id=1481392255","出处仅供参考，部分内容待完善，请求帮助，谢谢！；艺人来自网易元数据；作曲由Wiki制作团队及网易专辑介绍明确支持。"
"netease:1481392263","天使的馈赠","Angel's Share","蒙德","蒙德 / 蒙德 / 天使的馈赠","","天使的馈赠-室内","原神-风与牧歌之城 City of Winds and Idylls","Disc 01 风与牧歌之城 City of Winds and Idylls","11","陈致逸 / HOYO-MiX","陈致逸","113.196","2020-09-28","1481392263","CE4E9BCF4953FFAC0B53CEECDAA39D8B","父级地点匹配","https://wiki.biligame.com/ys/%E9%A3%8E%E4%B8%8E%E7%89%A7%E6%AD%8C%E4%B9%8B%E5%9F%8E","https://music.163.com/song?id=1481392263","出处仅供参考，部分内容待完善，请求帮助，谢谢！；艺人来自网易元数据；作曲由Wiki制作团队及网易专辑介绍明确支持。"
"netease:1481390530","剪影与蹑步","Silhouette and Silk Steps","位置未定（按蒙德篇专辑归档）","蒙德 / 蒙德 / 紧张氛围与活动","","紧张氛围常见
例如偷天空之琴
风行迷踪活动
《原神》EP - 炎夏炽宝之踪","原神-风与牧歌之城 City of Winds and Idylls","Disc 01 风与牧歌之城 City of Winds and Idylls","12","陈致逸 / HOYO-MiX","陈致逸","91.368","2020-09-28","1481390530","D9D2B5C7D602E448154E057B5D647ECF","地区神像归档（非实际播放点）","https://wiki.biligame.com/ys/%E9%A3%8E%E4%B8%8E%E7%89%A7%E6%AD%8C%E4%B9%8B%E5%9F%8E","https://music.163.com/song?id=1481390530","出处仅供参考，部分内容待完善，请求帮助，谢谢！；艺人来自网易元数据；作曲由Wiki制作团队及网易专辑介绍明确支持。"
"netease:1481392264","危险的小径","Perilous Path","位置未定（按蒙德篇专辑归档）","蒙德 / 蒙德 / 愚人众对峙场景","","与愚人众对峙时
如迫近的客星","原神-风与牧歌之城 City of Winds and Idylls","Disc 01 风与牧歌之城 City of Winds and Idylls","13","陈致逸 / HOYO-MiX","陈致逸","139.34","2020-09-28","1481392264","111F82AE0EF6E3DBDFDDB9845DB717CB","地区神像归档（非实际播放点）","https://wiki.biligame.com/ys/%E9%A3%8E%E4%B8%8E%E7%89%A7%E6%AD%8C%E4%B9%8B%E5%9F%8E","https://music.163.com/song?id=1481392264","出处仅供参考，部分内容待完善，请求帮助，谢谢！；艺人来自网易元数据；作曲由Wiki制作团队及网易专辑介绍明确支持。"
"netease:1481392261","直面","Say My Name","位置未定（按蒙德篇专辑归档）","蒙德 / 蒙德 / 琴传说任务过场","","琴传说任务
幼狮之章过场动画","原神-风与牧歌之城 City of Winds and Idylls","Disc 01 风与牧歌之城 City of Winds and Idylls","14","陈致逸 / HOYO-MiX","陈致逸","111.936","2020-09-28","1481392261","7AE053FB7033AEFBD73706B5455D3EF7","地区神像归档（非实际播放点）","https://wiki.biligame.com/ys/%E9%A3%8E%E4%B8%8E%E7%89%A7%E6%AD%8C%E4%B9%8B%E5%9F%8E","https://music.163.com/song?id=1481392261","出处仅供参考，部分内容待完善，请求帮助，谢谢！；艺人来自网易元数据；作曲由Wiki制作团队及网易专辑介绍明确支持。"
"netease:1481392259","呃，这可没想到…","Welp, Didn't Expect That","位置未定（按蒙德篇专辑归档）","蒙德 / 蒙德 / 尴尬剧情场景","","尴尬场面常见
如公子鲸天之章
最棒的玩具销售员
《原神》EP - 炎夏炽宝之踪","原神-风与牧歌之城 City of Winds and Idylls","Disc 01 风与牧歌之城 City of Winds and Idylls","15","陈致逸 / HOYO-MiX","陈致逸","82.987","2020-09-28","1481392259","281BC1F5EB97E6B5DFE0B9ADEA0C10C8","地区神像归档（非实际播放点）","https://wiki.biligame.com/ys/%E9%A3%8E%E4%B8%8E%E7%89%A7%E6%AD%8C%E4%B9%8B%E5%9F%8E","https://music.163.com/song?id=1481392259","出处仅供参考，部分内容待完善，请求帮助，谢谢！；艺人来自网易元数据；作曲由Wiki制作团队及网易专辑介绍明确支持。"
"netease:1481390532","有趣的挑战","An Interesting Labour","位置未定（按蒙德篇专辑归档）","蒙德 / 蒙德 / 小游戏与飞行执照","","小游戏常见
最早是考飞行执照","原神-风与牧歌之城 City of Winds and Idylls","Disc 01 风与牧歌之城 City of Winds and Idylls","16","陈致逸 / HOYO-MiX","陈致逸","86.986","2020-09-28","1481390532","9D4B88C34A92FFC8A44D15C549CF7DBD","地区神像归档（非实际播放点）","https://wiki.biligame.com/ys/%E9%A3%8E%E4%B8%8E%E7%89%A7%E6%AD%8C%E4%B9%8B%E5%9F%8E","https://music.163.com/song?id=1481390532","出处仅供参考，部分内容待完善，请求帮助，谢谢！；艺人来自网易元数据；作曲由Wiki制作团队及网易专辑介绍明确支持。"
"netease:1481390531","速度加快","Make Haste, Partner","位置未定（按蒙德篇专辑归档）","蒙德 / 蒙德 / 安柏传说任务 · 空中轰炸","","安柏传说任务
空中轰炸部分","原神-风与牧歌之城 City of Winds and Idylls","Disc 01 风与牧歌之城 City of Winds and Idylls","17","陈致逸 / HOYO-MiX","陈致逸","88.407","2020-09-28","1481390531","1930075B4FFF6C9ABF2EDDBD7F0A130F","地区神像归档（非实际播放点）","https://wiki.biligame.com/ys/%E9%A3%8E%E4%B8%8E%E7%89%A7%E6%AD%8C%E4%B9%8B%E5%9F%8E","https://music.163.com/song?id=1481390531","出处仅供参考，部分内容待完善，请求帮助，谢谢！；艺人来自网易元数据；作曲由Wiki制作团队及网易专辑介绍明确支持。"
"netease:1481390501","开心的一天","A Happy Day","位置未定（按蒙德篇专辑归档）","蒙德 / 蒙德 / 剧情音乐","","剧情音乐","原神-风与牧歌之城 City of Winds and Idylls","Disc 01 风与牧歌之城 City of Winds and Idylls","18","陈致逸 / HOYO-MiX","陈致逸","28.702","2020-09-28","1481390501","01BF5971C41999578E08CE589917CAA0","地区神像归档（非实际播放点）","https://wiki.biligame.com/ys/%E9%A3%8E%E4%B8%8E%E7%89%A7%E6%AD%8C%E4%B9%8B%E5%9F%8E","https://music.163.com/song?id=1481390501","出处仅供参考，部分内容待完善，请求帮助，谢谢！；艺人来自网易元数据；作曲由Wiki制作团队及网易专辑介绍明确支持。"
"netease:1481390525","低语森林的重逢","Reunion in the Whispering Woods","位置未定（按蒙德篇专辑归档）","蒙德 / 蒙德 / 温迪与风魔龙主线剧情","","主线剧情
温迪和风魔龙
冰毛茸茸和风魔龙","原神-风与牧歌之城 City of Winds and Idylls","Disc 01 风与牧歌之城 City of Winds and Idylls","19","陈致逸 / HOYO-MiX","陈致逸","37.08","2020-09-28","1481390525","1FC84387BFFB045A63045938C6D46E77","地区神像归档（非实际播放点）","https://wiki.biligame.com/ys/%E9%A3%8E%E4%B8%8E%E7%89%A7%E6%AD%8C%E4%B9%8B%E5%9F%8E","https://music.163.com/song?id=1481390525","出处仅供参考，部分内容待完善，请求帮助，谢谢！；艺人来自网易元数据；作曲由Wiki制作团队及网易专辑介绍明确支持。"
"netease:1481390500","震惊","Startled","位置未定（按蒙德篇专辑归档）","蒙德 / 蒙德 / 主线剧情（具体地点未定）","","主线剧情","原神-风与牧歌之城 City of Winds and Idylls","Disc 01 风与牧歌之城 City of Winds and Idylls","20","陈致逸 / HOYO-MiX","陈致逸","29.369","2020-09-28","1481390500","91CABD45FBC22D8C711BA445B74A9BEA","地区神像归档（非实际播放点）","https://wiki.biligame.com/ys/%E9%A3%8E%E4%B8%8E%E7%89%A7%E6%AD%8C%E4%B9%8B%E5%9F%8E","https://music.163.com/song?id=1481390500","出处仅供参考，部分内容待完善，请求帮助，谢谢！；艺人来自网易元数据；作曲由Wiki制作团队及网易专辑介绍明确支持。"
"netease:1481390502","初遇安柏","Meeting Amber","位置未定（按蒙德篇专辑归档）","蒙德 / 蒙德 / 初遇安柏主线剧情","","主线剧情
第一次见安柏","原神-风与牧歌之城 City of Winds and Idylls","Disc 01 风与牧歌之城 City of Winds and Idylls","21","陈致逸 / HOYO-MiX","陈致逸","13.519","2020-09-28","1481390502","696EE44AA7AEE31C4F27EFB05E9FED5B","地区神像归档（非实际播放点）","https://wiki.biligame.com/ys/%E9%A3%8E%E4%B8%8E%E7%89%A7%E6%AD%8C%E4%B9%8B%E5%9F%8E","https://music.163.com/song?id=1481390502","出处仅供参考，部分内容待完善，请求帮助，谢谢！；艺人来自网易元数据；作曲由Wiki制作团队及网易专辑介绍明确支持。"
"netease:1481392253","风暴降临","Storm Befalls","蒙德","蒙德 / 蒙德 / 风魔龙进城（剧情）","","主线剧情
风魔龙进城","原神-风与牧歌之城 City of Winds and Idylls","Disc 01 风与牧歌之城 City of Winds and Idylls","22","陈致逸 / HOYO-MiX","陈致逸","65.259","2020-09-28","1481392253","D54ED5B8A3CD3B57B41CD919F4E07A8A","父级地点匹配","https://wiki.biligame.com/ys/%E9%A3%8E%E4%B8%8E%E7%89%A7%E6%AD%8C%E4%B9%8B%E5%9F%8E","https://music.163.com/song?id=1481392253","出处仅供参考，部分内容待完善，请求帮助，谢谢！；艺人来自网易元数据；作曲由Wiki制作团队及网易专辑介绍明确支持。"
"netease:1481390534","淡淡的不安","Slight Distress","位置未定（按蒙德篇专辑归档）","蒙德 / 蒙德 / 温迪传说任务","","温迪传说任务","原神-风与牧歌之城 City of Winds and Idylls","Disc 01 风与牧歌之城 City of Winds and Idylls","23","陈致逸 / HOYO-MiX","陈致逸","141.118","2020-09-28","1481390534","E10F733797BEBA8D146F412617B177E6","地区神像归档（非实际播放点）","https://wiki.biligame.com/ys/%E9%A3%8E%E4%B8%8E%E7%89%A7%E6%AD%8C%E4%B9%8B%E5%9F%8E","https://music.163.com/song?id=1481390534","出处仅供参考，部分内容待完善，请求帮助，谢谢！；艺人来自网易元数据；作曲由Wiki制作团队及网易专辑介绍明确支持。"
"netease:1481392260","同伴的力量","Tender Strength","位置未定（按蒙德篇专辑归档）","蒙德 / 蒙德 / 传说任务结尾","","传说任务结尾常见
最早应是琴传说任务","原神-风与牧歌之城 City of Winds and Idylls","Disc 01 风与牧歌之城 City of Winds and Idylls","24","陈致逸 / HOYO-MiX","陈致逸","82.755","2020-09-28","1481392260","699C8EE44013D09C0FF5D004370C58DC","地区神像归档（非实际播放点）","https://wiki.biligame.com/ys/%E9%A3%8E%E4%B8%8E%E7%89%A7%E6%AD%8C%E4%B9%8B%E5%9F%8E","https://music.163.com/song?id=1481392260","出处仅供参考，部分内容待完善，请求帮助，谢谢！；艺人来自网易元数据；作曲由Wiki制作团队及网易专辑介绍明确支持。"
"netease:1481392254","将至的凯歌","Imminent Triumph","位置未定（按蒙德篇专辑归档）","蒙德 / 蒙德 / 初遇凯亚主线剧情","","主线剧情
第一次见凯亚","原神-风与牧歌之城 City of Winds and Idylls","Disc 01 风与牧歌之城 City of Winds and Idylls","25","陈致逸 / HOYO-MiX","陈致逸","60.592","2020-09-28","1481392254","FFC5A887CC1D118DFCE6808BDDB3B78C","地区神像归档（非实际播放点）","https://wiki.biligame.com/ys/%E9%A3%8E%E4%B8%8E%E7%89%A7%E6%AD%8C%E4%B9%8B%E5%9F%8E","https://music.163.com/song?id=1481392254","出处仅供参考，部分内容待完善，请求帮助，谢谢！；艺人来自网易元数据；作曲由Wiki制作团队及网易专辑介绍明确支持。"
"netease:1481392040","情不自禁","Beckoning (Genshin Impact Main Theme Var)","位置未定（按蒙德篇专辑归档）","蒙德 / 蒙德 / 内测音乐（含人声）","","内测时期音乐
含人声","原神-风与牧歌之城 City of Winds and Idylls","Disc 02 蒲公英的国度 The Horizon of Dandelion","1","陈致逸 / HOYO-MiX","陈致逸","102.29","2020-09-28","1481392040","45546EB1C6C08C5B62D0C6F26BDA2DCC","地区神像归档（非实际播放点）","https://wiki.biligame.com/ys/%E9%A3%8E%E4%B8%8E%E7%89%A7%E6%AD%8C%E4%B9%8B%E5%9F%8E","https://music.163.com/song?id=1481392040","出处仅供参考，部分内容待完善，请求帮助，谢谢！；艺人来自网易元数据；作曲由Wiki制作团队及网易专辑介绍明确支持。；Wiki外文名与网易文本不同，保留两者：网易 Beckoning (Genshin Impact Main Theme Var.)；Wiki Beckoning (Genshin Impact Main Theme Var)"
"netease:1481390641","旅途的开始","Hence, Begins the Journey","位置未定（按蒙德篇专辑归档）","蒙德 / 蒙德 / 内测音乐","","内测时期音乐","原神-风与牧歌之城 City of Winds and Idylls","Disc 02 蒲公英的国度 The Horizon of Dandelion","2","陈致逸 / HOYO-MiX","陈致逸","74.422","2020-09-28","1481390641","E45E6DCD1CE52BF07AEF1E2EE6976CB8","地区神像归档（非实际播放点）","https://wiki.biligame.com/ys/%E9%A3%8E%E4%B8%8E%E7%89%A7%E6%AD%8C%E4%B9%8B%E5%9F%8E","https://music.163.com/song?id=1481390641","出处仅供参考，部分内容待完善，请求帮助，谢谢！；艺人来自网易元数据；作曲由Wiki制作团队及网易专辑介绍明确支持。"
"netease:1481390619","晨曦酒庄","Dawn Winery Theme","蒙德","蒙德 / 蒙德 / 晨曦酒庄","","晨曦酒庄室外-白天
无人声","原神-风与牧歌之城 City of Winds and Idylls","Disc 02 蒲公英的国度 The Horizon of Dandelion","3","陈致逸 / HOYO-MiX","陈致逸","67.237","2020-09-28","1481390619","F3F41F3D2A5386CBC6292EC778E888DC","地区神像归档（非实际播放点）","https://wiki.biligame.com/ys/%E9%A3%8E%E4%B8%8E%E7%89%A7%E6%AD%8C%E4%B9%8B%E5%9F%8E","https://music.163.com/song?id=1481390619","出处仅供参考，部分内容待完善，请求帮助，谢谢！；艺人来自网易元数据；作曲由Wiki制作团队及网易专辑介绍明确支持。"
"netease:1481390635","破晓前的流光","Before Dawn, at the Winery","蒙德","蒙德 / 蒙德 / 晨曦酒庄","","晨曦酒庄室外-夜晚
《原神》EP - 晨光拂晓之时","原神-风与牧歌之城 City of Winds and Idylls","Disc 02 蒲公英的国度 The Horizon of Dandelion","4","陈致逸 / HOYO-MiX","陈致逸","69.392","2020-09-28","1481390635","F4E3FFC7A7BFD370B4780F493DEEA4E1","地区神像归档（非实际播放点）","https://wiki.biligame.com/ys/%E9%A3%8E%E4%B8%8E%E7%89%A7%E6%AD%8C%E4%B9%8B%E5%9F%8E","https://music.163.com/song?id=1481390635","出处仅供参考，部分内容待完善，请求帮助，谢谢！；艺人来自网易元数据；作曲由Wiki制作团队及网易专辑介绍明确支持。"
"netease:1481390634","见惯的风景","A Familiar Sight and Leisure","尘歌壶（当前）；蒙德 · 晨曦酒庄（历史）","蒙德 / 蒙德 / 尘歌壶 · 翠黛峰（当前）；晨曦酒庄（历史）","","原：晨曦酒庄
现：尘歌壶翠黛峰
《原神》EP - 悠扬戏风之诗","原神-风与牧歌之城 City of Winds and Idylls","Disc 02 蒲公英的国度 The Horizon of Dandelion","5","陈致逸 / HOYO-MiX","陈致逸","67.5","2020-09-28","1481390634","5B1DB1A97CFE5603C66215941F4A8AD6","地区神像归档（非实际播放点）","https://wiki.biligame.com/ys/%E9%A3%8E%E4%B8%8E%E7%89%A7%E6%AD%8C%E4%B9%8B%E5%9F%8E","https://music.163.com/song?id=1481390634","出处仅供参考，部分内容待完善，请求帮助，谢谢！；艺人来自网易元数据；作曲由Wiki制作团队及网易专辑介绍明确支持。"
"netease:1481392438","饰金的夜色","Cold Night","蒙德","蒙德 / 蒙德 / 蒙德野外","","蒙德野外-夜间","原神-风与牧歌之城 City of Winds and Idylls","Disc 02 蒲公英的国度 The Horizon of Dandelion","6","陈致逸 / HOYO-MiX","陈致逸","67.579","2020-09-28","1481392438","5017700D75A305A225E80CC62B246D9D","地区范围候选（待核实）","https://wiki.biligame.com/ys/%E9%A3%8E%E4%B8%8E%E7%89%A7%E6%AD%8C%E4%B9%8B%E5%9F%8E","https://music.163.com/song?id=1481392438","出处仅供参考，部分内容待完善，请求帮助，谢谢！；艺人来自网易元数据；作曲由Wiki制作团队及网易专辑介绍明确支持。"
"netease:1481392436","平原的低语","Whispering Plain","蒙德","蒙德 / 蒙德 / 蒙德野外","","蒙德野外-白天
《原神》EP - 悠扬戏风之诗","原神-风与牧歌之城 City of Winds and Idylls","Disc 02 蒲公英的国度 The Horizon of Dandelion","7","陈致逸 / HOYO-MiX","陈致逸","70","2020-09-28","1481392436","C3FEE97482BDF52FBD693822430F5E23","地区范围候选（待核实）","https://wiki.biligame.com/ys/%E9%A3%8E%E4%B8%8E%E7%89%A7%E6%AD%8C%E4%B9%8B%E5%9F%8E","https://music.163.com/song?id=1481392436","出处仅供参考，部分内容待完善，请求帮助，谢谢！；艺人来自网易元数据；作曲由Wiki制作团队及网易专辑介绍明确支持。"
"netease:1481390644","七天神像","Statue of the Seven","位置未定（按蒙德篇专辑归档）","蒙德 / 蒙德 / 祈愿界面","","祈愿界面
《原神》EP - 轻风诉说之事","原神-风与牧歌之城 City of Winds and Idylls","Disc 02 蒲公英的国度 The Horizon of Dandelion","8","陈致逸 / HOYO-MiX","陈致逸","84.819","2020-09-28","1481390644","581D4198A9F87616043FF8689D81EF1F","地区神像归档（非实际播放点）","https://wiki.biligame.com/ys/%E9%A3%8E%E4%B8%8E%E7%89%A7%E6%AD%8C%E4%B9%8B%E5%9F%8E","https://music.163.com/song?id=1481390644","出处仅供参考，部分内容待完善，请求帮助，谢谢！；艺人来自网易元数据；作曲由Wiki制作团队及网易专辑介绍明确支持。"
"netease:1481390617","命运的初识","Acquaintance (Statue of the Seven)","位置未定（按蒙德篇专辑归档）","蒙德 / 蒙德 / 初见神像与神像满级","","剧情第一次见神像
七天神像满级","原神-风与牧歌之城 City of Winds and Idylls","Disc 02 蒲公英的国度 The Horizon of Dandelion","9","陈致逸 / HOYO-MiX","陈致逸","21.818","2020-09-28","1481390617","96C3AEDB35C1311A2C1B804AA3BE0F18","地区神像归档（非实际播放点）","https://wiki.biligame.com/ys/%E9%A3%8E%E4%B8%8E%E7%89%A7%E6%AD%8C%E4%B9%8B%E5%9F%8E","https://music.163.com/song?id=1481390617","出处仅供参考，部分内容待完善，请求帮助，谢谢！；艺人来自网易元数据；作曲由Wiki制作团队及网易专辑介绍明确支持。"
"netease:1481390643","月亮处盗来的歌","Stealing Words of the Moon","蒙德","蒙德 / 蒙德 / 蒙德野外","","蒙德野外-夜间","原神-风与牧歌之城 City of Winds and Idylls","Disc 02 蒲公英的国度 The Horizon of Dandelion","10","陈致逸 / HOYO-MiX","陈致逸","84.587","2020-09-28","1481390643","FE3C28D6B3361F07029ED10EF7418FF4","地区范围候选（待核实）","https://wiki.biligame.com/ys/%E9%A3%8E%E4%B8%8E%E7%89%A7%E6%AD%8C%E4%B9%8B%E5%9F%8E","https://music.163.com/song?id=1481390643","出处仅供参考，部分内容待完善，请求帮助，谢谢！；艺人来自网易元数据；作曲由Wiki制作团队及网易专辑介绍明确支持。"
"netease:1481390642","旅人的暂歇","Wayfarer's Peace","蒙德","蒙德 / 蒙德 / 蒙德野外","","蒙德野外-白天
《原神》EP - 冰涛骇浪之憩","原神-风与牧歌之城 City of Winds and Idylls","Disc 02 蒲公英的国度 The Horizon of Dandelion","11","陈致逸 / HOYO-MiX","陈致逸","88","2020-09-28","1481390642","4278E6C3BFCF49C7BC7DB5193B122E77","地区范围候选（待核实）","https://wiki.biligame.com/ys/%E9%A3%8E%E4%B8%8E%E7%89%A7%E6%AD%8C%E4%B9%8B%E5%9F%8E","https://music.163.com/song?id=1481390642","出处仅供参考，部分内容待完善，请求帮助，谢谢！；艺人来自网易元数据；作曲由Wiki制作团队及网易专辑介绍明确支持。"
"netease:1481392439","风洗的群山","Wind-Washed Mountains","蒙德","蒙德 / 蒙德 / 蒙德野外","","蒙德野外-白天","原神-风与牧歌之城 City of Winds and Idylls","Disc 02 蒲公英的国度 The Horizon of Dandelion","12","陈致逸 / HOYO-MiX","陈致逸","41","2020-09-28","1481392439","C73829951BD8E9C6ED50F71632D23BA4","地区范围候选（待核实）","https://wiki.biligame.com/ys/%E9%A3%8E%E4%B8%8E%E7%89%A7%E6%AD%8C%E4%B9%8B%E5%9F%8E","https://music.163.com/song?id=1481392439","出处仅供参考，部分内容待完善，请求帮助，谢谢！；艺人来自网易元数据；作曲由Wiki制作团队及网易专辑介绍明确支持。"
"netease:1481390636","不散的魂灵","Wayward Soul","蒙德","蒙德 / 蒙德 / 蒙德野外","","蒙德野外-白天","原神-风与牧歌之城 City of Winds and Idylls","Disc 02 蒲公英的国度 The Horizon of Dandelion","13","陈致逸 / HOYO-MiX","陈致逸","65.454","2020-09-28","1481390636","1262E91226CB640490F3092E53947829","地区范围候选（待核实）","https://wiki.biligame.com/ys/%E9%A3%8E%E4%B8%8E%E7%89%A7%E6%AD%8C%E4%B9%8B%E5%9F%8E","https://music.163.com/song?id=1481390636","出处仅供参考，部分内容待完善，请求帮助，谢谢！；艺人来自网易元数据；作曲由Wiki制作团队及网易专辑介绍明确支持。；Wiki外文名与网易文本不同，保留两者：网易 Wayward Souls；Wiki Wayward Soul"
"netease:1481392465","追忆","Reminiscence (Genshin Impact Main Theme Var.)","位置未定（按蒙德篇专辑归档）","蒙德 / 蒙德 / 游戏加载界面","","游戏加载页面
-不分时段","原神-风与牧歌之城 City of Winds and Idylls","Disc 02 蒲公英的国度 The Horizon of Dandelion","14","陈致逸 / HOYO-MiX","陈致逸","95","2020-09-28","1481392465","169E6E28E4C1B749FC6C4C2E8F30B0FD","地区神像归档（非实际播放点）","https://wiki.biligame.com/ys/%E9%A3%8E%E4%B8%8E%E7%89%A7%E6%AD%8C%E4%B9%8B%E5%9F%8E","https://music.163.com/song?id=1481392465","出处仅供参考，部分内容待完善，请求帮助，谢谢！；艺人来自网易元数据；作曲由Wiki制作团队及网易专辑介绍明确支持。"
"netease:1481390659","烈日之残响","Restless Blazing Sun","蒙德","蒙德 / 蒙德 / 蒙德野外","","蒙德野外-白天","原神-风与牧歌之城 City of Winds and Idylls","Disc 02 蒲公英的国度 The Horizon of Dandelion","15","陈致逸 / HOYO-MiX","陈致逸","95.07","2020-09-28","1481390659","6F664766CF363FBEBC6FD8CF0F6EFCF4","地区范围候选（待核实）","https://wiki.biligame.com/ys/%E9%A3%8E%E4%B8%8E%E7%89%A7%E6%AD%8C%E4%B9%8B%E5%9F%8E","https://music.163.com/song?id=1481390659","出处仅供参考，部分内容待完善，请求帮助，谢谢！；艺人来自网易元数据；作曲由Wiki制作团队及网易专辑介绍明确支持。"
"netease:1481390660","一段回忆","Remembrance (Genshin Impact Main Theme Var.)","蒙德","蒙德 / 蒙德 / 蒙德野外","","蒙德野外-夜晚","原神-风与牧歌之城 City of Winds and Idylls","Disc 02 蒲公英的国度 The Horizon of Dandelion","16","陈致逸 / HOYO-MiX","陈致逸","82.903","2020-09-28","1481390660","001566B00F37B3BC688E8A662E9F862B","地区范围候选（待核实）","https://wiki.biligame.com/ys/%E9%A3%8E%E4%B8%8E%E7%89%A7%E6%AD%8C%E4%B9%8B%E5%9F%8E","https://music.163.com/song?id=1481390660","出处仅供参考，部分内容待完善，请求帮助，谢谢！；艺人来自网易元数据；作曲由Wiki制作团队及网易专辑介绍明确支持。"
"netease:1481390656","地平","The Horizon","蒙德","蒙德 / 蒙德 / 蒙德野外","","蒙德野外-夜晚
《原神》EP - 冰涛骇浪之憩","原神-风与牧歌之城 City of Winds and Idylls","Disc 02 蒲公英的国度 The Horizon of Dandelion","17","陈致逸 / HOYO-MiX","陈致逸","72.934","2020-09-28","1481390656","472251507E1CE9AA79F25A0A8F895297","地区范围候选（待核实）","https://wiki.biligame.com/ys/%E9%A3%8E%E4%B8%8E%E7%89%A7%E6%AD%8C%E4%B9%8B%E5%9F%8E","https://music.163.com/song?id=1481390656","出处仅供参考，部分内容待完善，请求帮助，谢谢！；艺人来自网易元数据；作曲由Wiki制作团队及网易专辑介绍明确支持。"
"netease:1481390658","静候未来","Awaiting for the Future","蒙德","蒙德 / 蒙德 / 蒙德野外","","蒙德野外-夜晚
《原神》EP - 悠扬戏风之诗","原神-风与牧歌之城 City of Winds and Idylls","Disc 02 蒲公英的国度 The Horizon of Dandelion","18","陈致逸 / HOYO-MiX","陈致逸","85.114","2020-09-28","1481390658","43FBF1172CCC6A59069B75ABAB9658D0","地区范围候选（待核实）","https://wiki.biligame.com/ys/%E9%A3%8E%E4%B8%8E%E7%89%A7%E6%AD%8C%E4%B9%8B%E5%9F%8E","https://music.163.com/song?id=1481390658","出处仅供参考，部分内容待完善，请求帮助，谢谢！；艺人来自网易元数据；作曲由Wiki制作团队及网易专辑介绍明确支持。"
"netease:1481390646","月照的荒野","Moonlit Wilderness","蒙德","蒙德 / 蒙德 / 蒙德野外","","蒙德野外-夜晚","原神-风与牧歌之城 City of Winds and Idylls","Disc 02 蒲公英的国度 The Horizon of Dandelion","19","陈致逸 / HOYO-MiX","陈致逸","76.681","2020-09-28","1481390646","80AA78946FB832F9FADBAE98A6DE2E80","地区范围候选（待核实）","https://wiki.biligame.com/ys/%E9%A3%8E%E4%B8%8E%E7%89%A7%E6%AD%8C%E4%B9%8B%E5%9F%8E","https://music.163.com/song?id=1481390646","出处仅供参考，部分内容待完善，请求帮助，谢谢！；艺人来自网易元数据；作曲由Wiki制作团队及网易专辑介绍明确支持。"
"netease:1481390662","希望的新一天","A New Day with Hope","蒙德","蒙德 / 蒙德 / 蒙德野外","","蒙德野外-白天
《原神》EP - 悠扬戏风之诗","原神-风与牧歌之城 City of Winds and Idylls","Disc 02 蒲公英的国度 The Horizon of Dandelion","20","陈致逸 / HOYO-MiX","陈致逸","103.237","2020-09-28","1481390662","4C8E005AC7A4E6AC94C08073D59A4138","地区范围候选（待核实）","https://wiki.biligame.com/ys/%E9%A3%8E%E4%B8%8E%E7%89%A7%E6%AD%8C%E4%B9%8B%E5%9F%8E","https://music.163.com/song?id=1481390662","出处仅供参考，部分内容待完善，请求帮助，谢谢！；艺人来自网易元数据；作曲由Wiki制作团队及网易专辑介绍明确支持。"
"netease:1481392464","希望之旅","Journey of Hope（Genshin Impact Main Theme Var.)","蒙德","蒙德 / 蒙德 / 蒙德野外","","蒙德野外-白天","原神-风与牧歌之城 City of Winds and Idylls","Disc 02 蒲公英的国度 The Horizon of Dandelion","21","陈致逸 / HOYO-MiX","陈致逸","81.38","2020-09-28","1481392464","A81D727432EF4338441EAA39BA34D4D5","地区范围候选（待核实）","https://wiki.biligame.com/ys/%E9%A3%8E%E4%B8%8E%E7%89%A7%E6%AD%8C%E4%B9%8B%E5%9F%8E","https://music.163.com/song?id=1481392464","出处仅供参考，部分内容待完善，请求帮助，谢谢！；艺人来自网易元数据；作曲由Wiki制作团队及网易专辑介绍明确支持。；Wiki外文名与网易文本不同，保留两者：网易 Journey of Hope (Genshin Impact Main Theme Var.)；Wiki Journey of Hope（Genshin Impact Main Theme Var.)"
"netease:1481392469","万古之风的弃儿","Forlorn Child of Archaic Winds (Dvalin's Nest)","蒙德","蒙德 / 蒙德 / 风龙废墟","","风龙废墟","原神-风与牧歌之城 City of Winds and Idylls","Disc 02 蒲公英的国度 The Horizon of Dandelion","22","陈致逸 / HOYO-MiX","陈致逸","199.354","2020-09-28","1481392469","9508E35158718428D8CF1273B6579395","地点匹配","https://wiki.biligame.com/ys/%E9%A3%8E%E4%B8%8E%E7%89%A7%E6%AD%8C%E4%B9%8B%E5%9F%8E","https://music.163.com/song?id=1481392469","出处仅供参考，部分内容待完善，请求帮助，谢谢！；艺人来自网易元数据；作曲由Wiki制作团队及网易专辑介绍明确支持。"
"netease:1481390663","太古时光的遗孤","Forsken Child of Ancient Times (Dvalin's Nest)","蒙德","蒙德 / 蒙德 / 风龙废墟","","风龙废墟","原神-风与牧歌之城 City of Winds and Idylls","Disc 02 蒲公英的国度 The Horizon of Dandelion","23","陈致逸 / HOYO-MiX","陈致逸","175","2020-09-28","1481390663","7A56FB88E5691D9858A70685773B0AAF","地点匹配","https://wiki.biligame.com/ys/%E9%A3%8E%E4%B8%8E%E7%89%A7%E6%AD%8C%E4%B9%8B%E5%9F%8E","https://music.163.com/song?id=1481390663","出处仅供参考，部分内容待完善，请求帮助，谢谢！；艺人来自网易元数据；作曲由Wiki制作团队及网易专辑介绍明确支持。；Wiki外文名与网易文本不同，保留两者：网易 Forsaken Child of Ancient Times (Dvalin's Nest)；Wiki Forsken Child of Ancient Times (Dvalin's Nest)"
"netease:1481390661","午日的眺望","Midday Prospects","位置未定（按蒙德篇专辑归档）","蒙德 / 蒙德 / 未归的息星剧情PV","","未归的息星剧情PV","原神-风与牧歌之城 City of Winds and Idylls","Disc 02 蒲公英的国度 The Horizon of Dandelion","24","陈致逸 / HOYO-MiX","陈致逸","98.928","2020-09-28","1481390661","62F5BEE2EF1B5356AE67805B9989ABEE","地区神像归档（非实际播放点）","https://wiki.biligame.com/ys/%E9%A3%8E%E4%B8%8E%E7%89%A7%E6%AD%8C%E4%B9%8B%E5%9F%8E","https://music.163.com/song?id=1481390661","出处仅供参考，部分内容待完善，请求帮助，谢谢！；艺人来自网易元数据；作曲由Wiki制作团队及网易专辑介绍明确支持。"
"netease:1481392466","久住往昔","Dwelling in the Past","蒙德","蒙德 / 蒙德 / 蒙德野外","","蒙德野外-白天","原神-风与牧歌之城 City of Winds and Idylls","Disc 02 蒲公英的国度 The Horizon of Dandelion","25","陈致逸 / HOYO-MiX","陈致逸","101.109","2020-09-28","1481392466","FFB7451EE1171D2A6C0A04D0338C0333","地区范围候选（待核实）","https://wiki.biligame.com/ys/%E9%A3%8E%E4%B8%8E%E7%89%A7%E6%AD%8C%E4%B9%8B%E5%9F%8E","https://music.163.com/song?id=1481392466","出处仅供参考，部分内容待完善，请求帮助，谢谢！；艺人来自网易元数据；作曲由Wiki制作团队及网易专辑介绍明确支持。"
"netease:1481392468","永恒的回忆","Eternal Anamnesis (Genshin Impact Main Theme Var.)","位置未定（按蒙德篇专辑归档）","蒙德 / 蒙德 / 温迪PV · 四方之风","","温迪PV-四方之风","原神-风与牧歌之城 City of Winds and Idylls","Disc 02 蒲公英的国度 The Horizon of Dandelion","26","陈致逸 / HOYO-MiX","陈致逸","119.011","2020-09-28","1481392468","0643F0E83545C08FF5340E2A6325C5FC","地区神像归档（非实际播放点）","https://wiki.biligame.com/ys/%E9%A3%8E%E4%B8%8E%E7%89%A7%E6%AD%8C%E4%B9%8B%E5%9F%8E","https://music.163.com/song?id=1481392468","出处仅供参考，部分内容待完善，请求帮助，谢谢！；艺人来自网易元数据；作曲由Wiki制作团队及网易专辑介绍明确支持。"
"netease:1481390929","光辉的涨落","Photon of Fluctuation","蒙德","蒙德 / 蒙德 / 蒙德战斗","","蒙德战斗","原神-风与牧歌之城 City of Winds and Idylls","Disc 03 蒙德战记 Saga of the West Wind","1","陈致逸 / HOYO-MiX","陈致逸","194.514","2020-09-28","1481390929","DFFC4F66B7332A4B8F1993FCF0916ACD","地区范围候选（待核实）","https://wiki.biligame.com/ys/%E9%A3%8E%E4%B8%8E%E7%89%A7%E6%AD%8C%E4%B9%8B%E5%9F%8E","https://music.163.com/song?id=1481390929","出处仅供参考，部分内容待完善，请求帮助，谢谢！；艺人来自网易元数据；作曲由Wiki制作团队及网易专辑介绍明确支持。"
"netease:1481392863","解决之道","His Resolution","蒙德","蒙德 / 蒙德 / 蒙德战斗","","蒙德战斗","原神-风与牧歌之城 City of Winds and Idylls","Disc 03 蒙德战记 Saga of the West Wind","2","陈致逸 / HOYO-MiX","陈致逸","283.802","2020-09-28","1481392863","2E2EB350D3144F5B854401515BCFCEE9","地区范围候选（待核实）","https://wiki.biligame.com/ys/%E9%A3%8E%E4%B8%8E%E7%89%A7%E6%AD%8C%E4%B9%8B%E5%9F%8E","https://music.163.com/song?id=1481392863","出处仅供参考，部分内容待完善，请求帮助，谢谢！；艺人来自网易元数据；作曲由Wiki制作团队及网易专辑介绍明确支持。"
"netease:1481392859","亘古的韵律","Rhythm from Ancient Times","蒙德（专辑归属；秘境位置待核对）","蒙德 / 蒙德 / 西风之鹰的庙宇","","西风之鹰的庙宇","原神-风与牧歌之城 City of Winds and Idylls","Disc 03 蒙德战记 Saga of the West Wind","3","陈致逸 / HOYO-MiX","陈致逸","220.445","2020-09-28","1481392859","AB5349A12D14D08A529C378B54667927","地区神像归档（非实际播放点）","https://wiki.biligame.com/ys/%E9%A3%8E%E4%B8%8E%E7%89%A7%E6%AD%8C%E4%B9%8B%E5%9F%8E","https://music.163.com/song?id=1481392859","出处仅供参考，部分内容待完善，请求帮助，谢谢！；艺人来自网易元数据；作曲由Wiki制作团队及网易专辑介绍明确支持。"
"netease:1481392861","无尽的回响","Endless Echoes","蒙德 · 龙脊雪山","蒙德 / 龙脊雪山 / 芬德尼尔之顶","","芬德尼尔之顶","原神-风与牧歌之城 City of Winds and Idylls","Disc 03 蒙德战记 Saga of the West Wind","4","陈致逸 / HOYO-MiX","陈致逸","252.762","2020-09-28","1481392861","55C0A116B2D5CE1D3216F6BC940D02AC","地区神像归档（非实际播放点）","https://wiki.biligame.com/ys/%E9%A3%8E%E4%B8%8E%E7%89%A7%E6%AD%8C%E4%B9%8B%E5%9F%8E","https://music.163.com/song?id=1481392861","出处仅供参考，部分内容待完善，请求帮助，谢谢！；艺人来自网易元数据；作曲由Wiki制作团队及网易专辑介绍明确支持。"
"netease:1481390944","冲啊！无畏的勇士","Charge! Fearless Warriors","璃月","璃月 / 璃月 / 太山府","","太山府","原神-风与牧歌之城 City of Winds and Idylls","Disc 03 蒙德战记 Saga of the West Wind","5","陈致逸 / HOYO-MiX","陈致逸","238.709","2020-09-28","1481390944","6B3D691AE36824A9C12D166AF456B51A","地区神像归档（非实际播放点）","https://wiki.biligame.com/ys/%E9%A3%8E%E4%B8%8E%E7%89%A7%E6%AD%8C%E4%B9%8B%E5%9F%8E","https://music.163.com/song?id=1481390944","出处仅供参考，部分内容待完善，请求帮助，谢谢！；艺人来自网易元数据；作曲由Wiki制作团队及网易专辑介绍明确支持。"
"netease:1481390947","水滴的节拍","Beats of Water Drops","蒙德","蒙德 / 蒙德 / 塞西莉亚苗圃","","塞西莉亚苗圃","原神-风与牧歌之城 City of Winds and Idylls","Disc 03 蒙德战记 Saga of the West Wind","6","陈致逸 / HOYO-MiX","陈致逸","243.446","2020-09-28","1481390947","E97DE6A838BCA0B065C0983C1204E3AA","地区神像归档（非实际播放点）","https://wiki.biligame.com/ys/%E9%A3%8E%E4%B8%8E%E7%89%A7%E6%AD%8C%E4%B9%8B%E5%9F%8E","https://music.163.com/song?id=1481390947","出处仅供参考，部分内容待完善，请求帮助，谢谢！；艺人来自网易元数据；作曲由Wiki制作团队及网易专辑介绍明确支持。"
"netease:1481390943","魔导的深秘","Magic Intrigues","璃月（秘境别名匹配待核对）","璃月 / 璃月 / 震雷连山密宫","","雷震连山秘宫","原神-风与牧歌之城 City of Winds and Idylls","Disc 03 蒙德战记 Saga of the West Wind","7","陈致逸 / HOYO-MiX","陈致逸","230.504","2020-09-28","1481390943","6C3FEF11FBE576C39C78743DDAA1FB12","地区神像归档（非实际播放点）","https://wiki.biligame.com/ys/%E9%A3%8E%E4%B8%8E%E7%89%A7%E6%AD%8C%E4%B9%8B%E5%9F%8E","https://music.163.com/song?id=1481390943","出处仅供参考，部分内容待完善，请求帮助，谢谢！；艺人来自网易元数据；作曲由Wiki制作团队及网易专辑介绍明确支持。；原出处的秘境名称与有效详情页不一致，规范化待确认。"
"netease:1481390950","无数的逆境","Against All Odds","位置未定（独立副本/深渊）","蒙德 / 蒙德 / 冒险等级突破副本、深渊","","冒险等级突破副本、深渊","原神-风与牧歌之城 City of Winds and Idylls","Disc 03 蒙德战记 Saga of the West Wind","8","陈致逸 / HOYO-MiX","陈致逸","321.953","2020-09-28","1481390950","57D649FBEC1C31286C608662E2B54E98","地区神像归档（非实际播放点）","https://wiki.biligame.com/ys/%E9%A3%8E%E4%B8%8E%E7%89%A7%E6%AD%8C%E4%B9%8B%E5%9F%8E","https://music.163.com/song?id=1481390950","出处仅供参考，部分内容待完善，请求帮助，谢谢！；艺人来自网易元数据；作曲由Wiki制作团队及网易专辑介绍明确支持。"
"netease:1481392821","不休的风航","Perpetual Motion of Wind","位置未定（按蒙德篇专辑归档）","蒙德 / 蒙德 / 主线任务（战斗/具体地点未定）","","主线任务","原神-风与牧歌之城 City of Winds and Idylls","Disc 03 蒙德战记 Saga of the West Wind","9","陈致逸 / HOYO-MiX","陈致逸","212.779","2020-09-28","1481392821","62D345768926116F3549D57057EFE172","地区神像归档（非实际播放点）","https://wiki.biligame.com/ys/%E9%A3%8E%E4%B8%8E%E7%89%A7%E6%AD%8C%E4%B9%8B%E5%9F%8E","https://music.163.com/song?id=1481392821","出处仅供参考，部分内容待完善，请求帮助，谢谢！；艺人来自网易元数据；作曲由Wiki制作团队及网易专辑介绍明确支持。"
"netease:1481392824","乘风前行","Riders of the Wind, Onward","蒙德","蒙德 / 蒙德 / 蒙德城内 · 特瓦林（剧情战斗）","","特瓦林(蒙德城内)","原神-风与牧歌之城 City of Winds and Idylls","Disc 03 蒙德战记 Saga of the West Wind","10","陈致逸 / HOYO-MiX","陈致逸","186.826","2020-09-28","1481392824","4C4138A41BB2FB110E9834225C6FF20F","父级地点匹配","https://wiki.biligame.com/ys/%E9%A3%8E%E4%B8%8E%E7%89%A7%E6%AD%8C%E4%B9%8B%E5%9F%8E","https://music.163.com/song?id=1481392824","出处仅供参考，部分内容待完善，请求帮助，谢谢！；艺人来自网易元数据；作曲由Wiki制作团队及网易专辑介绍明确支持。"
"netease:1481390930","冰风回荡","Whirl of Boreal Wind","蒙德","蒙德 / 蒙德 / 北风狼战斗","","北风狼第一阶段","原神-风与牧歌之城 City of Winds and Idylls","Disc 03 蒙德战记 Saga of the West Wind","11","陈致逸 / HOYO-MiX","陈致逸","191.5","2020-09-28","1481390930","76301B71DF4FA7E9D3C474DFEA044F02","地区神像归档（非实际播放点）","https://wiki.biligame.com/ys/%E9%A3%8E%E4%B8%8E%E7%89%A7%E6%AD%8C%E4%B9%8B%E5%9F%8E","https://music.163.com/song?id=1481390930","出处仅供参考，部分内容待完善，请求帮助，谢谢！；艺人来自网易元数据；作曲由Wiki制作团队及网易专辑介绍明确支持。"
"netease:1481392864","冰封交响曲","Symphony of Boreal Wind","蒙德","蒙德 / 蒙德 / 北风狼战斗","","北风狼第二阶段","原神-风与牧歌之城 City of Winds and Idylls","Disc 03 蒙德战记 Saga of the West Wind","12","陈致逸 / HOYO-MiX","陈致逸","291","2020-09-28","1481392864","4D02DAE60C4B80C96930DF451DA6CA67","地区神像归档（非实际播放点）","https://wiki.biligame.com/ys/%E9%A3%8E%E4%B8%8E%E7%89%A7%E6%AD%8C%E4%B9%8B%E5%9F%8E","https://music.163.com/song?id=1481392864","出处仅供参考，部分内容待完善，请求帮助，谢谢！；艺人来自网易元数据；作曲由Wiki制作团队及网易专辑介绍明确支持。"
